rollNo,studentName,gender,dob,bloodGroup,aadharNo,emisNo,religion,community,casteName,nationality,studentPhoto,educationType,academicType,isLateralEntry,departmentName,degreeProgram,yearStudying,currentSemesterNumber,section,batch,currentAcademicYear,selfMobileNo,selfEmail,officialEmail,fatherName,fatherMobile,fatherWorkType,fatherQualification,motherName,motherMobile,motherWorkType,motherQualification,guardianName,guardianMobile,familyIncomeAsPerCertificate,communityCertificateNo,permDoorNo,permStreet,permTaluk,permDistrict,permState,permPincode,commDoorNo,commStreet,commTaluk,commDistrict,commState,commPincode,quota,firstGraduateApplicable,firstGraduateLab,firstGraduateBook,firstGraduateErp,firstGraduateExam,firstGraduateTransport,firstGraduateHostel,firstGraduateTuition,scheme7point5Applicable,scheme7point5Lab,scheme7point5Book,scheme7point5Erp,scheme7point5Exam,scheme7point5Transport,scheme7point5Hostel,scheme7point5Tuition,pmssApplicable,pmssLab,pmssBook,pmssErp,pmssExam,pmssTransport,pmssHostel,pmssTuition,sakthiApplicable,sakthiLab,sakthiBook,sakthiErp,sakthiExam,sakthiTransport,sakthiHostel,sakthiTuition,specialApplicable,specialLab,specialBook,specialErp,specialExam,specialTransport,specialHostel,specialTuition,transportApplicable,transportRoute,transportStop,hostelApplicable,hostelBlock,hostelSharing,hostelAttached
23ME101,Student 1,Male,15-05-2005,AB-,123412341001,EMIS1001,Hindu,BC,Gounder,Indian,student1.jpg,UG,REG,FALSE,MECH,BE,3,6,A,2023-2027,2025-2026,9876541001,student1@gmail.com,student1@sece.ac.in,Father 1,9876551001,Farmer,10th,Mother 1,9876561001,Homemaker,12th,,,120000,CC1001,12,Gandhi St,Gobi,Erode,Tamil Nadu,638452,12,Gandhi St,Gobi,Erode,Tamil Nadu,638452,Government Quota,FALSE,,,,,,,,FALSE,,,,,,,,FALSE,,,,,,,,FALSE,,,,,,,,FALSE,,,,,,,,FALSE,,,FALSE,,,
25IT102,Student 2,Male,15-05-2005,AB-,123412341002,EMIS1002,Hindu,BC,Gounder,Indian,student2.jpg,UG,REG,FALSE,IT,BE,1,1,A,2025-2029,2025-2026,9876541002,student2@gmail.com,student2@sece.ac.in,Father 2,9876551002,Farmer,10th,Mother 2,9876561002,Homemaker,12th,,,120000,CC1002,12,Gandhi St,Gobi,Erode,Tamil Nadu,638452,12,Gandhi St,Gobi,Erode,Tamil Nadu,638452,Government Quota,FALSE,,,,,,,,FALSE,,,,,,,,FALSE,,,,,,,,FALSE,,,,,,,,FALSE,,,,,,,,FALSE,,,FALSE,,,
22IT103,Student 3,Female,15-05-2005,O-,123412341003,EMIS1003,Hindu,BC,Gounder,Indian,student3.jpg,UG,REG,FALSE,IT,BE,4,7,A,2022-2026,2025-2026,9876541003,student3@gmail.com,student3@sece.ac.in,Father 3,9876551003,Farmer,10th,Mother 3,9876561003,Homemaker,12th,,,120000,CC1003,12,Gandhi St,Gobi,Erode,Tamil Nadu,638452,12,Gandhi St,Gobi,Erode,Tamil Nadu,638452,Government Quota,FALSE,,,,,,,,FALSE,,,,,,,,FALSE,,,,,,,,FALSE,,,,,,,,FALSE,,,,,,,,FALSE,,,FALSE,,,
25ME104,Student 4,Male,15-05-2005,AB-,123412341004,EMIS1004,Hindu,BC,Gounder,Indian,student4.jpg,UG,REG,FALSE,MECH,BE,1,2,A,2025-2029,2025-2026,9876541004,student4@gmail.com,student4@sece.ac.in,Father 4,9876551004,Farmer,10th,Mother 4,9876561004,Homemaker,12th,,,120000,CC1004,12,Gandhi St,Gobi,Erode,Tamil Nadu,638452,12,Gandhi St,Gobi,Erode,Tamil Nadu,638452,Government Quota,FALSE,,,,,,,,FALSE,,,,,,,,FALSE,,,,,,,,FALSE,,,,,,,,FALSE,,,,,,,,FALSE,,,FALSE,,,
25CS105,Student 5,Female,15-05-2005,AB+,123412341005,EMIS1005,Hindu,BC,Gounder,Indian,student5.jpg,UG,REG,FALSE,CSE,BE,1,2,A,2025-2029,2025-2026,9876541005,student5@gmail.com,student5@sece.ac.in,Father 5,9876551005,Farmer,10th,Mother 5,9876561005,Homemaker,12th,,,120000,CC1005,12,Gandhi St,Gobi,Erode,Tamil Nadu,638452,12,Gandhi St,Gobi,Erode,Tamil Nadu,638452,Government Quota,FALSE,,,,,,,,FALSE,,,,,,,,FALSE,,,,,,,,FALSE,,,,,,,,FALSE,,,,,,,,FALSE,,,FALSE,,,
23IT106,Student 6,Male,15-05-2005,O-,123412341006,EMIS1006,Hindu,BC,Gounder,Indian,student6.jpg,UG,REG,FALSE,IT,BE,3,6,A,2023-2027,2025-2026,9876541006,student6@gmail.com,student6@sece.ac.in,Father 6,9876551006,Farmer,10th,Mother 6,9876561006,Homemaker,12th,,,120000,CC1006,12,Gandhi St,Gobi,Erode,Tamil Nadu,638452,12,Gandhi St,Gobi,Erode,Tamil Nadu,638452,Government Quota,FALSE,,,,,,,,FALSE,,,,,,,,FALSE,,,,,,,,FALSE,,,,,,,,FALSE,,,,,,,,FALSE,,,FALSE,,,
22ME107,Student 7,Male,15-05-2005,A-,123412341007,EMIS1007,Hindu,BC,Gounder,Indian,student7.jpg,UG,REG,FALSE,MECH,BE,4,8,A,2022-2026,2025-2026,9876541007,student7@gmail.com,student7@sece.ac.in,Father 7,9876551007,Farmer,10th,Mother 7,9876561007,Homemaker,12th,,,120000,CC1007,12,Gandhi St,Gobi,Erode,Tamil Nadu,638452,12,Gandhi St,Gobi,Erode,Tamil Nadu,638452,Government Quota,FALSE,,,,,,,,FALSE,,,,,,,,FALSE,,,,,,,,FALSE,,,,,,,,FALSE,,,,,,,,FALSE,,,FALSE,,,
22ME108,Student 8,Female,15-05-2005,AB+,123412341008,EMIS1008,Hindu,BC,Gounder,Indian,student8.jpg,UG,REG,FALSE,MECH,BE,4,7,A,2022-2026,2025-2026,9876541008,student8@gmail.com,student8@sece.ac.in,Father 8,9876551008,Farmer,10th,Mother 8,9876561008,Homemaker,12th,,,120000,CC1008,12,Gandhi St,Gobi,Erode,Tamil Nadu,638452,12,Gandhi St,Gobi,Erode,Tamil Nadu,638452,Government Quota,FALSE,,,,,,,,FALSE,,,,,,,,FALSE,,,,,,,,FALSE,,,,,,,,FALSE,,,,,,,,FALSE,,,FALSE,,,
23CS109,Student 9,Female,15-05-2005,AB+,123412341009,EMIS1009,Hindu,BC,Gounder,Indian,student9.jpg,UG,REG,FALSE,CSE,BE,3,6,A,2023-2027,2025-2026,9876541009,student9@gmail.com,student9@sece.ac.in,Father 9,9876551009,Farmer,10th,Mother 9,9876561009,Homemaker,12th,,,120000,CC1009,12,Gandhi St,Gobi,Erode,Tamil Nadu,638452,12,Gandhi St,Gobi,Erode,Tamil Nadu,638452,Government Quota,FALSE,,,,,,,,FALSE,,,,,,,,FALSE,,,,,,,,FALSE,,,,,,,,FALSE,,,,,,,,FALSE,,,FALSE,,,
22IT110,Student 10,Female,15-05-2005,O-,123412341010,EMIS1010,Hindu,BC,Gounder,Indian,student10.jpg,UG,REG,FALSE,IT,BE,4,8,A,2022-2026,2025-2026,9876541010,student10@gmail.com,student10@sece.ac.in,Father 10,9876551010,Farmer,10th,Mother 10,9876561010,Homemaker,12th,,,120000,CC1010,12,Gandhi St,Gobi,Erode,Tamil Nadu,638452,12,Gandhi St,Gobi,Erode,Tamil Nadu,638452,Government Quota,FALSE,,,,,,,,FALSE,,,,,,,,FALSE,,,,,,,,FALSE,,,,,,,,FALSE,,,,,,,,FALSE,,,FALSE,,,
23CS111,Student 11,Male,15-05-2005,A-,123412341011,EMIS1011,Hindu,BC,Gounder,Indian,student11.jpg,UG,REG,FALSE,CSE,BE,3,5,A,2023-2027,2025-2026,9876541011,student11@gmail.com,student11@sece.ac.in,Father 11,9876551011,Farmer,10th,Mother 11,9876561011,Homemaker,12th,,,120000,CC1011,12,Gandhi St,Gobi,Erode,Tamil Nadu,638452,12,Gandhi St,Gobi,Erode,Tamil Nadu,638452,Government Quota,FALSE,,,,,,,,FALSE,,,,,,,,FALSE,,,,,,,,FALSE,,,,,,,,FALSE,,,,,,,,FALSE,,,FALSE,,,
24ME112,Student 12,Male,15-05-2005,B-,123412341012,EMIS1012,Hindu,BC,Gounder,Indian,student12.jpg,UG,REG,FALSE,MECH,BE,2,3,A,2024-2028,2025-2026,9876541012,student12@gmail.com,student12@sece.ac.in,Father 12,9876551012,Farmer,10th,Mother 12,9876561012,Homemaker,12th,,,120000,CC1012,12,Gandhi St,Gobi,Erode,Tamil Nadu,638452,12,Gandhi St,Gobi,Erode,Tamil Nadu,638452,Government Quota,FALSE,,,,,,,,FALSE,,,,,,,,FALSE,,,,,,,,FALSE,,,,,,,,FALSE,,,,,,,,FALSE,,,FALSE,,,
25ME113,Student 13,Female,15-05-2005,AB+,123412341013,EMIS1013,Hindu,BC,Gounder,Indian,student13.jpg,UG,REG,FALSE,MECH,BE,1,2,A,2025-2029,2025-2026,9876541013,student13@gmail.com,student13@sece.ac.in,Father 13,9876551013,Farmer,10th,Mother 13,9876561013,Homemaker,12th,,,120000,CC1013,12,Gandhi St,Gobi,Erode,Tamil Nadu,638452,12,Gandhi St,Gobi,Erode,Tamil Nadu,638452,Government Quota,FALSE,,,,,,,,FALSE,,,,,,,,FALSE,,,,,,,,FALSE,,,,,,,,FALSE,,,,,,,,FALSE,,,FALSE,,,
24IT114,Student 14,Male,15-05-2005,O+,123412341014,EMIS1014,Hindu,BC,Gounder,Indian,student14.jpg,UG,REG,FALSE,IT,BE,2,3,A,2024-2028,2025-2026,9876541014,student14@gmail.com,student14@sece.ac.in,Father 14,9876551014,Farmer,10th,Mother 14,9876561014,Homemaker,12th,,,120000,CC1014,12,Gandhi St,Gobi,Erode,Tamil Nadu,638452,12,Gandhi St,Gobi,Erode,Tamil Nadu,638452,Government Quota,FALSE,,,,,,,,FALSE,,,,,,,,FALSE,,,,,,,,FALSE,,,,,,,,FALSE,,,,,,,,FALSE,,,FALSE,,,
24CS115,Student 15,Male,15-05-2005,AB-,123412341015,EMIS1015,Hindu,BC,Gounder,Indian,student15.jpg,UG,REG,FALSE,CSE,BE,2,3,A,2024-2028,2025-2026,9876541015,student15@gmail.com,student15@sece.ac.in,Father 15,9876551015,Farmer,10th,Mother 15,9876561015,Homemaker,12th,,,120000,CC1015,12,Gandhi St,Gobi,Erode,Tamil Nadu,638452,12,Gandhi St,Gobi,Erode,Tamil Nadu,638452,Government Quota,FALSE,,,,,,,,FALSE,,,,,,,,FALSE,,,,,,,,FALSE,,,,,,,,FALSE,,,,,,,,FALSE,,,FALSE,,,
24CS116,Student 16,Male,15-05-2005,A-,123412341016,EMIS1016,Hindu,BC,Gounder,Indian,student16.jpg,UG,REG,FALSE,CSE,BE,2,4,A,2024-2028,2025-2026,9876541016,student16@gmail.com,student16@sece.ac.in,Father 16,9876551016,Farmer,10th,Mother 16,9876561016,Homemaker,12th,,,120000,CC1016,12,Gandhi St,Gobi,Erode,Tamil Nadu,638452,12,Gandhi St,Gobi,Erode,Tamil Nadu,638452,Government Quota,FALSE,,,,,,,,FALSE,,,,,,,,FALSE,,,,,,,,FALSE,,,,,,,,FALSE,,,,,,,,FALSE,,,FALSE,,,
24CS117,Student 17,Female,15-05-2005,O-,123412341017,EMIS1017,Hindu,BC,Gounder,Indian,student17.jpg,UG,REG,FALSE,CSE,BE,2,3,A,2024-2028,2025-2026,9876541017,student17@gmail.com,student17@sece.ac.in,Father 17,9876551017,Farmer,10th,Mother 17,9876561017,Homemaker,12th,,,120000,CC1017,12,Gandhi St,Gobi,Erode,Tamil Nadu,638452,12,Gandhi St,Gobi,Erode,Tamil Nadu,638452,Government Quota,FALSE,,,,,,,,FALSE,,,,,,,,FALSE,,,,,,,,FALSE,,,,,,,,FALSE,,,,,,,,FALSE,,,FALSE,,,
23IT118,Student 18,Female,15-05-2005,AB-,123412341018,EMIS1018,Hindu,BC,Gounder,Indian,student18.jpg,UG,REG,FALSE,IT,BE,3,6,A,2023-2027,2025-2026,9876541018,student18@gmail.com,student18@sece.ac.in,Father 18,9876551018,Farmer,10th,Mother 18,9876561018,Homemaker,12th,,,120000,CC1018,12,Gandhi St,Gobi,Erode,Tamil Nadu,638452,12,Gandhi St,Gobi,Erode,Tamil Nadu,638452,Government Quota,FALSE,,,,,,,,FALSE,,,,,,,,FALSE,,,,,,,,FALSE,,,,,,,,FALSE,,,,,,,,FALSE,,,FALSE,,,
23ME119,Student 19,Female,15-05-2005,O+,123412341019,EMIS1019,Hindu,BC,Gounder,Indian,student19.jpg,UG,REG,FALSE,MECH,BE,3,6,A,2023-2027,2025-2026,9876541019,student19@gmail.com,student19@sece.ac.in,Father 19,9876551019,Farmer,10th,Mother 19,9876561019,Homemaker,12th,,,120000,CC1019,12,Gandhi St,Gobi,Erode,Tamil Nadu,638452,12,Gandhi St,Gobi,Erode,Tamil Nadu,638452,Government Quota,FALSE,,,,,,,,FALSE,,,,,,,,FALSE,,,,,,,,FALSE,,,,,,,,FALSE,,,,,,,,FALSE,,,FALSE,,,
22IT120,Student 20,Male,15-05-2005,A+,123412341020,EMIS1020,Hindu,BC,Gounder,Indian,student20.jpg,UG,REG,FALSE,IT,BE,4,7,A,2022-2026,2025-2026,9876541020,student20@gmail.com,student20@sece.ac.in,Father 20,9876551020,Farmer,10th,Mother 20,9876561020,Homemaker,12th,,,120000,CC1020,12,Gandhi St,Gobi,Erode,Tamil Nadu,638452,12,Gandhi St,Gobi,Erode,Tamil Nadu,638452,Government Quota,FALSE,,,,,,,,FALSE,,,,,,,,FALSE,,,,,,,,FALSE,,,,,,,,FALSE,,,,,,,,FALSE,,,FALSE,,,
22IT121,Student 21,Female,15-05-2005,AB+,123412341021,EMIS1021,Hindu,BC,Gounder,Indian,student21.jpg,UG,REG,FALSE,IT,BE,4,7,A,2022-2026,2025-2026,9876541021,student21@gmail.com,student21@sece.ac.in,Father 21,9876551021,Farmer,10th,Mother 21,9876561021,Homemaker,12th,,,120000,CC1021,12,Gandhi St,Gobi,Erode,Tamil Nadu,638452,12,Gandhi St,Gobi,Erode,Tamil Nadu,638452,Government Quota,FALSE,,,,,,,,FALSE,,,,,,,,FALSE,,,,,,,,FALSE,,,,,,,,FALSE,,,,,,,,FALSE,,,FALSE,,,
22ME122,Student 22,Female,15-05-2005,A+,123412341022,EMIS1022,Hindu,BC,Gounder,Indian,student22.jpg,UG,REG,FALSE,MECH,BE,4,7,A,2022-2026,2025-2026,9876541022,student22@gmail.com,student22@sece.ac.in,Father 22,9876551022,Farmer,10th,Mother 22,9876561022,Homemaker,12th,,,120000,CC1022,12,Gandhi St,Gobi,Erode,Tamil Nadu,638452,12,Gandhi St,Gobi,Erode,Tamil Nadu,638452,Government Quota,FALSE,,,,,,,,FALSE,,,,,,,,FALSE,,,,,,,,FALSE,,,,,,,,FALSE,,,,,,,,FALSE,,,FALSE,,,
25CS123,Student 23,Male,15-05-2005,A-,123412341023,EMIS1023,Hindu,BC,Gounder,Indian,student23.jpg,UG,REG,FALSE,CSE,BE,1,2,A,2025-2029,2025-2026,9876541023,student23@gmail.com,student23@sece.ac.in,Father 23,9876551023,Farmer,10th,Mother 23,9876561023,Homemaker,12th,,,120000,CC1023,12,Gandhi St,Gobi,Erode,Tamil Nadu,638452,12,Gandhi St,Gobi,Erode,Tamil Nadu,638452,Government Quota,FALSE,,,,,,,,FALSE,,,,,,,,FALSE,,,,,,,,FALSE,,,,,,,,FALSE,,,,,,,,FALSE,,,FALSE,,,
23IT124,Student 24,Female,15-05-2005,O+,123412341024,EMIS1024,Hindu,BC,Gounder,Indian,student24.jpg,UG,REG,FALSE,IT,BE,3,6,A,2023-2027,2025-2026,9876541024,student24@gmail.com,student24@sece.ac.in,Father 24,9876551024,Farmer,10th,Mother 24,9876561024,Homemaker,12th,,,120000,CC1024,12,Gandhi St,Gobi,Erode,Tamil Nadu,638452,12,Gandhi St,Gobi,Erode,Tamil Nadu,638452,Government Quota,FALSE,,,,,,,,FALSE,,,,,,,,FALSE,,,,,,,,FALSE,,,,,,,,FALSE,,,,,,,,FALSE,,,FALSE,,,
25ME125,Student 25,Female,15-05-2005,A-,123412341025,EMIS1025,Hindu,BC,Gounder,Indian,student25.jpg,UG,REG,FALSE,MECH,BE,1,2,A,2025-2029,2025-2026,9876541025,student25@gmail.com,student25@sece.ac.in,Father 25,9876551025,Farmer,10th,Mother 25,9876561025,Homemaker,12th,,,120000,CC1025,12,Gandhi St,Gobi,Erode,Tamil Nadu,638452,12,Gandhi St,Gobi,Erode,Tamil Nadu,638452,Government Quota,FALSE,,,,,,,,FALSE,,,,,,,,FALSE,,,,,,,,FALSE,,,,,,,,FALSE,,,,,,,,FALSE,,,FALSE,,,
22CS126,Student 26,Female,15-05-2005,AB-,123412341026,EMIS1026,Hindu,BC,Gounder,Indian,student26.jpg,UG,REG,FALSE,CSE,BE,4,7,A,2022-2026,2025-2026,9876541026,student26@gmail.com,student26@sece.ac.in,Father 26,9876551026,Farmer,10th,Mother 26,9876561026,Homemaker,12th,,,120000,CC1026,12,Gandhi St,Gobi,Erode,Tamil Nadu,638452,12,Gandhi St,Gobi,Erode,Tamil Nadu,638452,Government Quota,FALSE,,,,,,,,FALSE,,,,,,,,FALSE,,,,,,,,FALSE,,,,,,,,FALSE,,,,,,,,FALSE,,,FALSE,,,
23CS127,Student 27,Male,15-05-2005,B+,123412341027,EMIS1027,Hindu,BC,Gounder,Indian,student27.jpg,UG,REG,FALSE,CSE,BE,3,6,A,2023-2027,2025-2026,9876541027,student27@gmail.com,student27@sece.ac.in,Father 27,9876551027,Farmer,10th,Mother 27,9876561027,Homemaker,12th,,,120000,CC1027,12,Gandhi St,Gobi,Erode,Tamil Nadu,638452,12,Gandhi St,Gobi,Erode,Tamil Nadu,638452,Government Quota,FALSE,,,,,,,,FALSE,,,,,,,,FALSE,,,,,,,,FALSE,,,,,,,,FALSE,,,,,,,,FALSE,,,FALSE,,,
22ME128,Student 28,Male,15-05-2005,B+,123412341028,EMIS1028,Hindu,BC,Gounder,Indian,student28.jpg,UG,REG,FALSE,MECH,BE,4,7,A,2022-2026,2025-2026,9876541028,student28@gmail.com,student28@sece.ac.in,Father 28,9876551028,Farmer,10th,Mother 28,9876561028,Homemaker,12th,,,120000,CC1028,12,Gandhi St,Gobi,Erode,Tamil Nadu,638452,12,Gandhi St,Gobi,Erode,Tamil Nadu,638452,Government Quota,FALSE,,,,,,,,FALSE,,,,,,,,FALSE,,,,,,,,FALSE,,,,,,,,FALSE,,,,,,,,FALSE,,,FALSE,,,
25CS129,Student 29,Female,15-05-2005,B-,123412341029,EMIS1029,Hindu,BC,Gounder,Indian,student29.jpg,UG,REG,FALSE,CSE,BE,1,1,A,2025-2029,2025-2026,9876541029,student29@gmail.com,student29@sece.ac.in,Father 29,9876551029,Farmer,10th,Mother 29,9876561029,Homemaker,12th,,,120000,CC1029,12,Gandhi St,Gobi,Erode,Tamil Nadu,638452,12,Gandhi St,Gobi,Erode,Tamil Nadu,638452,Government Quota,FALSE,,,,,,,,FALSE,,,,,,,,FALSE,,,,,,,,FALSE,,,,,,,,FALSE,,,,,,,,FALSE,,,FALSE,,,
22IT130,Student 30,Male,15-05-2005,B-,123412341030,EMIS1030,Hindu,BC,Gounder,Indian,student30.jpg,UG,REG,FALSE,IT,BE,4,8,A,2022-2026,2025-2026,9876541030,student30@gmail.com,student30@sece.ac.in,Father 30,9876551030,Farmer,10th,Mother 30,9876561030,Homemaker,12th,,,120000,CC1030,12,Gandhi St,Gobi,Erode,Tamil Nadu,638452,12,Gandhi St,Gobi,Erode,Tamil Nadu,638452,Government Quota,FALSE,,,,,,,,FALSE,,,,,,,,FALSE,,,,,,,,FALSE,,,,,,,,FALSE,,,,,,,,FALSE,,,FALSE,,,
24IT131,Student 31,Male,15-05-2005,O-,123412341031,EMIS1031,Hindu,BC,Gounder,Indian,student31.jpg,UG,REG,FALSE,IT,BE,2,4,A,2024-2028,2025-2026,9876541031,student31@gmail.com,student31@sece.ac.in,Father 31,9876551031,Farmer,10th,Mother 31,9876561031,Homemaker,12th,,,120000,CC1031,12,Gandhi St,Gobi,Erode,Tamil Nadu,638452,12,Gandhi St,Gobi,Erode,Tamil Nadu,638452,Government Quota,FALSE,,,,,,,,FALSE,,,,,,,,FALSE,,,,,,,,FALSE,,,,,,,,FALSE,,,,,,,,FALSE,,,FALSE,,,
25ME132,Student 32,Male,15-05-2005,AB+,123412341032,EMIS1032,Hindu,BC,Gounder,Indian,student32.jpg,UG,REG,FALSE,MECH,BE,1,1,A,2025-2029,2025-2026,9876541032,student32@gmail.com,student32@sece.ac.in,Father 32,9876551032,Farmer,10th,Mother 32,9876561032,Homemaker,12th,,,120000,CC1032,12,Gandhi St,Gobi,Erode,Tamil Nadu,638452,12,Gandhi St,Gobi,Erode,Tamil Nadu,638452,Government Quota,FALSE,,,,,,,,FALSE,,,,,,,,FALSE,,,,,,,,FALSE,,,,,,,,FALSE,,,,,,,,FALSE,,,FALSE,,,
24ME133,Student 33,Male,15-05-2005,B+,123412341033,EMIS1033,Hindu,BC,Gounder,Indian,student33.jpg,UG,REG,FALSE,MECH,BE,2,4,A,2024-2028,2025-2026,9876541033,student33@gmail.com,student33@sece.ac.in,Father 33,9876551033,Farmer,10th,Mother 33,9876561033,Homemaker,12th,,,120000,CC1033,12,Gandhi St,Gobi,Erode,Tamil Nadu,638452,12,Gandhi St,Gobi,Erode,Tamil Nadu,638452,Government Quota,FALSE,,,,,,,,FALSE,,,,,,,,FALSE,,,,,,,,FALSE,,,,,,,,FALSE,,,,,,,,FALSE,,,FALSE,,,
23IT134,Student 34,Male,15-05-2005,B-,123412341034,EMIS1034,Hindu,BC,Gounder,Indian,student34.jpg,UG,REG,FALSE,IT,BE,3,6,A,2023-2027,2025-2026,9876541034,student34@gmail.com,student34@sece.ac.in,Father 34,9876551034,Farmer,10th,Mother 34,9876561034,Homemaker,12th,,,120000,CC1034,12,Gandhi St,Gobi,Erode,Tamil Nadu,638452,12,Gandhi St,Gobi,Erode,Tamil Nadu,638452,Government Quota,FALSE,,,,,,,,FALSE,,,,,,,,FALSE,,,,,,,,FALSE,,,,,,,,FALSE,,,,,,,,FALSE,,,FALSE,,,
25IT135,Student 35,Female,15-05-2005,AB+,123412341035,EMIS1035,Hindu,BC,Gounder,Indian,student35.jpg,UG,REG,FALSE,IT,BE,1,1,A,2025-2029,2025-2026,9876541035,student35@gmail.com,student35@sece.ac.in,Father 35,9876551035,Farmer,10th,Mother 35,9876561035,Homemaker,12th,,,120000,CC1035,12,Gandhi St,Gobi,Erode,Tamil Nadu,638452,12,Gandhi St,Gobi,Erode,Tamil Nadu,638452,Government Quota,FALSE,,,,,,,,FALSE,,,,,,,,FALSE,,,,,,,,FALSE,,,,,,,,FALSE,,,,,,,,FALSE,,,FALSE,,,
23IT136,Student 36,Male,15-05-2005,A+,123412341036,EMIS1036,Hindu,BC,Gounder,Indian,student36.jpg,UG,REG,FALSE,IT,BE,3,5,A,2023-2027,2025-2026,9876541036,student36@gmail.com,student36@sece.ac.in,Father 36,9876551036,Farmer,10th,Mother 36,9876561036,Homemaker,12th,,,120000,CC1036,12,Gandhi St,Gobi,Erode,Tamil Nadu,638452,12,Gandhi St,Gobi,Erode,Tamil Nadu,638452,Government Quota,FALSE,,,,,,,,FALSE,,,,,,,,FALSE,,,,,,,,FALSE,,,,,,,,FALSE,,,,,,,,FALSE,,,FALSE,,,
24IT137,Student 37,Male,15-05-2005,B+,123412341037,EMIS1037,Hindu,BC,Gounder,Indian,student37.jpg,UG,REG,FALSE,IT,BE,2,3,A,2024-2028,2025-2026,9876541037,student37@gmail.com,student37@sece.ac.in,Father 37,9876551037,Farmer,10th,Mother 37,9876561037,Homemaker,12th,,,120000,CC1037,12,Gandhi St,Gobi,Erode,Tamil Nadu,638452,12,Gandhi St,Gobi,Erode,Tamil Nadu,638452,Government Quota,FALSE,,,,,,,,FALSE,,,,,,,,FALSE,,,,,,,,FALSE,,,,,,,,FALSE,,,,,,,,FALSE,,,FALSE,,,
22ME138,Student 38,Female,15-05-2005,A-,123412341038,EMIS1038,Hindu,BC,Gounder,Indian,student38.jpg,UG,REG,FALSE,MECH,BE,4,7,A,2022-2026,2025-2026,9876541038,student38@gmail.com,student38@sece.ac.in,Father 38,9876551038,Farmer,10th,Mother 38,9876561038,Homemaker,12th,,,120000,CC1038,12,Gandhi St,Gobi,Erode,Tamil Nadu,638452,12,Gandhi St,Gobi,Erode,Tamil Nadu,638452,Government Quota,FALSE,,,,,,,,FALSE,,,,,,,,FALSE,,,,,,,,FALSE,,,,,,,,FALSE,,,,,,,,FALSE,,,FALSE,,,
22ME139,Student 39,Male,15-05-2005,AB-,123412341039,EMIS1039,Hindu,BC,Gounder,Indian,student39.jpg,UG,REG,FALSE,MECH,BE,4,7,A,2022-2026,2025-2026,9876541039,student39@gmail.com,student39@sece.ac.in,Father 39,9876551039,Farmer,10th,Mother 39,9876561039,Homemaker,12th,,,120000,CC1039,12,Gandhi St,Gobi,Erode,Tamil Nadu,638452,12,Gandhi St,Gobi,Erode,Tamil Nadu,638452,Government Quota,FALSE,,,,,,,,FALSE,,,,,,,,FALSE,,,,,,,,FALSE,,,,,,,,FALSE,,,,,,,,FALSE,,,FALSE,,,
23CS140,Student 40,Male,15-05-2005,O+,123412341040,EMIS1040,Hindu,BC,Gounder,Indian,student40.jpg,UG,REG,FALSE,CSE,BE,3,5,A,2023-2027,2025-2026,9876541040,student40@gmail.com,student40@sece.ac.in,Father 40,9876551040,Farmer,10th,Mother 40,9876561040,Homemaker,12th,,,120000,CC1040,12,Gandhi St,Gobi,Erode,Tamil Nadu,638452,12,Gandhi St,Gobi,Erode,Tamil Nadu,638452,Government Quota,FALSE,,,,,,,,FALSE,,,,,,,,FALSE,,,,,,,,FALSE,,,,,,,,FALSE,,,,,,,,FALSE,,,FALSE,,,
24CS141,Student 41,Male,15-05-2005,AB-,123412341041,EMIS1041,Hindu,BC,Gounder,Indian,student41.jpg,UG,REG,FALSE,CSE,BE,2,4,A,2024-2028,2025-2026,9876541041,student41@gmail.com,student41@sece.ac.in,Father 41,9876551041,Farmer,10th,Mother 41,9876561041,Homemaker,12th,,,120000,CC1041,12,Gandhi St,Gobi,Erode,Tamil Nadu,638452,12,Gandhi St,Gobi,Erode,Tamil Nadu,638452,Government Quota,FALSE,,,,,,,,FALSE,,,,,,,,FALSE,,,,,,,,FALSE,,,,,,,,FALSE,,,,,,,,FALSE,,,FALSE,,,
24CS142,Student 42,Male,15-05-2005,AB+,123412341042,EMIS1042,Hindu,BC,Gounder,Indian,student42.jpg,UG,REG,FALSE,CSE,BE,2,4,A,2024-2028,2025-2026,9876541042,student42@gmail.com,student42@sece.ac.in,Father 42,9876551042,Farmer,10th,Mother 42,9876561042,Homemaker,12th,,,120000,CC1042,12,Gandhi St,Gobi,Erode,Tamil Nadu,638452,12,Gandhi St,Gobi,Erode,Tamil Nadu,638452,Government Quota,FALSE,,,,,,,,FALSE,,,,,,,,FALSE,,,,,,,,FALSE,,,,,,,,FALSE,,,,,,,,FALSE,,,FALSE,,,
25IT143,Student 43,Male,15-05-2005,A-,123412341043,EMIS1043,Hindu,BC,Gounder,Indian,student43.jpg,UG,REG,FALSE,IT,BE,1,1,A,2025-2029,2025-2026,9876541043,student43@gmail.com,student43@sece.ac.in,Father 43,9876551043,Farmer,10th,Mother 43,9876561043,Homemaker,12th,,,120000,CC1043,12,Gandhi St,Gobi,Erode,Tamil Nadu,638452,12,Gandhi St,Gobi,Erode,Tamil Nadu,638452,Government Quota,FALSE,,,,,,,,FALSE,,,,,,,,FALSE,,,,,,,,FALSE,,,,,,,,FALSE,,,,,,,,FALSE,,,FALSE,,,
25ME144,Student 44,Female,15-05-2005,B+,123412341044,EMIS1044,Hindu,BC,Gounder,Indian,student44.jpg,UG,REG,FALSE,MECH,BE,1,2,A,2025-2029,2025-2026,9876541044,student44@gmail.com,student44@sece.ac.in,Father 44,9876551044,Farmer,10th,Mother 44,9876561044,Homemaker,12th,,,120000,CC1044,12,Gandhi St,Gobi,Erode,Tamil Nadu,638452,12,Gandhi St,Gobi,Erode,Tamil Nadu,638452,Government Quota,FALSE,,,,,,,,FALSE,,,,,,,,FALSE,,,,,,,,FALSE,,,,,,,,FALSE,,,,,,,,FALSE,,,FALSE,,,
25IT145,Student 45,Male,15-05-2005,A+,123412341045,EMIS1045,Hindu,BC,Gounder,Indian,student45.jpg,UG,REG,FALSE,IT,BE,1,1,A,2025-2029,2025-2026,9876541045,student45@gmail.com,student45@sece.ac.in,Father 45,9876551045,Farmer,10th,Mother 45,9876561045,Homemaker,12th,,,120000,CC1045,12,Gandhi St,Gobi,Erode,Tamil Nadu,638452,12,Gandhi St,Gobi,Erode,Tamil Nadu,638452,Government Quota,FALSE,,,,,,,,FALSE,,,,,,,,FALSE,,,,,,,,FALSE,,,,,,,,FALSE,,,,,,,,FALSE,,,FALSE,,,
24IT146,Student 46,Male,15-05-2005,B+,123412341046,EMIS1046,Hindu,BC,Gounder,Indian,student46.jpg,UG,REG,FALSE,IT,BE,2,3,A,2024-2028,2025-2026,9876541046,student46@gmail.com,student46@sece.ac.in,Father 46,9876551046,Farmer,10th,Mother 46,9876561046,Homemaker,12th,,,120000,CC1046,12,Gandhi St,Gobi,Erode,Tamil Nadu,638452,12,Gandhi St,Gobi,Erode,Tamil Nadu,638452,Government Quota,FALSE,,,,,,,,FALSE,,,,,,,,FALSE,,,,,,,,FALSE,,,,,,,,FALSE,,,,,,,,FALSE,,,FALSE,,,
25ME147,Student 47,Female,15-05-2005,B-,123412341047,EMIS1047,Hindu,BC,Gounder,Indian,student47.jpg,UG,REG,FALSE,MECH,BE,1,2,A,2025-2029,2025-2026,9876541047,student47@gmail.com,student47@sece.ac.in,Father 47,9876551047,Farmer,10th,Mother 47,9876561047,Homemaker,12th,,,120000,CC1047,12,Gandhi St,Gobi,Erode,Tamil Nadu,638452,12,Gandhi St,Gobi,Erode,Tamil Nadu,638452,Government Quota,FALSE,,,,,,,,FALSE,,,,,,,,FALSE,,,,,,,,FALSE,,,,,,,,FALSE,,,,,,,,FALSE,,,FALSE,,,
24CS148,Student 48,Female,15-05-2005,AB+,123412341048,EMIS1048,Hindu,BC,Gounder,Indian,student48.jpg,UG,REG,FALSE,CSE,BE,2,4,A,2024-2028,2025-2026,9876541048,student48@gmail.com,student48@sece.ac.in,Father 48,9876551048,Farmer,10th,Mother 48,9876561048,Homemaker,12th,,,120000,CC1048,12,Gandhi St,Gobi,Erode,Tamil Nadu,638452,12,Gandhi St,Gobi,Erode,Tamil Nadu,638452,Government Quota,FALSE,,,,,,,,FALSE,,,,,,,,FALSE,,,,,,,,FALSE,,,,,,,,FALSE,,,,,,,,FALSE,,,FALSE,,,
23ME149,Student 49,Female,15-05-2005,O-,123412341049,EMIS1049,Hindu,BC,Gounder,Indian,student49.jpg,UG,REG,FALSE,MECH,BE,3,5,A,2023-2027,2025-2026,9876541049,student49@gmail.com,student49@sece.ac.in,Father 49,9876551049,Farmer,10th,Mother 49,9876561049,Homemaker,12th,,,120000,CC1049,12,Gandhi St,Gobi,Erode,Tamil Nadu,638452,12,Gandhi St,Gobi,Erode,Tamil Nadu,638452,Government Quota,FALSE,,,,,,,,FALSE,,,,,,,,FALSE,,,,,,,,FALSE,,,,,,,,FALSE,,,,,,,,FALSE,,,FALSE,,,
25ME150,Student 50,Male,15-05-2005,B-,123412341050,EMIS1050,Hindu,BC,Gounder,Indian,student50.jpg,UG,REG,FALSE,MECH,BE,1,1,A,2025-2029,2025-2026,9876541050,student50@gmail.com,student50@sece.ac.in,Father 50,9876551050,Farmer,10th,Mother 50,9876561050,Homemaker,12th,,,120000,CC1050,12,Gandhi St,Gobi,Erode,Tamil Nadu,638452,12,Gandhi St,Gobi,Erode,Tamil Nadu,638452,Government Quota,FALSE,,,,,,,,FALSE,,,,,,,,FALSE,,,,,,,,FALSE,,,,,,,,FALSE,,,,,,,,FALSE,,,FALSE,,,
23CS151,Student 51,Female,15-05-2005,AB-,123412341051,EMIS1051,Hindu,BC,Gounder,Indian,student51.jpg,UG,REG,FALSE,CSE,BE,3,5,A,2023-2027,2025-2026,9876541051,student51@gmail.com,student51@sece.ac.in,Father 51,9876551051,Farmer,10th,Mother 51,9876561051,Homemaker,12th,,,120000,CC1051,12,Gandhi St,Gobi,Erode,Tamil Nadu,638452,12,Gandhi St,Gobi,Erode,Tamil Nadu,638452,Government Quota,FALSE,,,,,,,,FALSE,,,,,,,,FALSE,,,,,,,,FALSE,,,,,,,,FALSE,,,,,,,,FALSE,,,FALSE,,,
25ME152,Student 52,Female,15-05-2005,B-,123412341052,EMIS1052,Hindu,BC,Gounder,Indian,student52.jpg,UG,REG,FALSE,MECH,BE,1,1,A,2025-2029,2025-2026,9876541052,student52@gmail.com,student52@sece.ac.in,Father 52,9876551052,Farmer,10th,Mother 52,9876561052,Homemaker,12th,,,120000,CC1052,12,Gandhi St,Gobi,Erode,Tamil Nadu,638452,12,Gandhi St,Gobi,Erode,Tamil Nadu,638452,Government Quota,FALSE,,,,,,,,FALSE,,,,,,,,FALSE,,,,,,,,FALSE,,,,,,,,FALSE,,,,,,,,FALSE,,,FALSE,,,
22ME153,Student 53,Female,15-05-2005,AB-,123412341053,EMIS1053,Hindu,BC,Gounder,Indian,student53.jpg,UG,REG,FALSE,MECH,BE,4,8,A,2022-2026,2025-2026,9876541053,student53@gmail.com,student53@sece.ac.in,Father 53,9876551053,Farmer,10th,Mother 53,9876561053,Homemaker,12th,,,120000,CC1053,12,Gandhi St,Gobi,Erode,Tamil Nadu,638452,12,Gandhi St,Gobi,Erode,Tamil Nadu,638452,Government Quota,FALSE,,,,,,,,FALSE,,,,,,,,FALSE,,,,,,,,FALSE,,,,,,,,FALSE,,,,,,,,FALSE,,,FALSE,,,
24IT154,Student 54,Female,15-05-2005,AB+,123412341054,EMIS1054,Hindu,BC,Gounder,Indian,student54.jpg,UG,REG,FALSE,IT,BE,2,4,A,2024-2028,2025-2026,9876541054,student54@gmail.com,student54@sece.ac.in,Father 54,9876551054,Farmer,10th,Mother 54,9876561054,Homemaker,12th,,,120000,CC1054,12,Gandhi St,Gobi,Erode,Tamil Nadu,638452,12,Gandhi St,Gobi,Erode,Tamil Nadu,638452,Government Quota,FALSE,,,,,,,,FALSE,,,,,,,,FALSE,,,,,,,,FALSE,,,,,,,,FALSE,,,,,,,,FALSE,,,FALSE,,,
24ME155,Student 55,Female,15-05-2005,AB+,123412341055,EMIS1055,Hindu,BC,Gounder,Indian,student55.jpg,UG,REG,FALSE,MECH,BE,2,4,A,2024-2028,2025-2026,9876541055,student55@gmail.com,student55@sece.ac.in,Father 55,9876551055,Farmer,10th,Mother 55,9876561055,Homemaker,12th,,,120000,CC1055,12,Gandhi St,Gobi,Erode,Tamil Nadu,638452,12,Gandhi St,Gobi,Erode,Tamil Nadu,638452,Government Quota,FALSE,,,,,,,,FALSE,,,,,,,,FALSE,,,,,,,,FALSE,,,,,,,,FALSE,,,,,,,,FALSE,,,FALSE,,,
24ME156,Student 56,Male,15-05-2005,AB+,123412341056,EMIS1056,Hindu,BC,Gounder,Indian,student56.jpg,UG,REG,FALSE,MECH,BE,2,4,A,2024-2028,2025-2026,9876541056,student56@gmail.com,student56@sece.ac.in,Father 56,9876551056,Farmer,10th,Mother 56,9876561056,Homemaker,12th,,,120000,CC1056,12,Gandhi St,Gobi,Erode,Tamil Nadu,638452,12,Gandhi St,Gobi,Erode,Tamil Nadu,638452,Government Quota,FALSE,,,,,,,,FALSE,,,,,,,,FALSE,,,,,,,,FALSE,,,,,,,,FALSE,,,,,,,,FALSE,,,FALSE,,,
25CS157,Student 57,Male,15-05-2005,B+,123412341057,EMIS1057,Hindu,BC,Gounder,Indian,student57.jpg,UG,REG,FALSE,CSE,BE,1,2,A,2025-2029,2025-2026,9876541057,student57@gmail.com,student57@sece.ac.in,Father 57,9876551057,Farmer,10th,Mother 57,9876561057,Homemaker,12th,,,120000,CC1057,12,Gandhi St,Gobi,Erode,Tamil Nadu,638452,12,Gandhi St,Gobi,Erode,Tamil Nadu,638452,Government Quota,FALSE,,,,,,,,FALSE,,,,,,,,FALSE,,,,,,,,FALSE,,,,,,,,FALSE,,,,,,,,FALSE,,,FALSE,,,
24ME158,Student 58,Female,15-05-2005,A+,123412341058,EMIS1058,Hindu,BC,Gounder,Indian,student58.jpg,UG,REG,FALSE,MECH,BE,2,3,A,2024-2028,2025-2026,9876541058,student58@gmail.com,student58@sece.ac.in,Father 58,9876551058,Farmer,10th,Mother 58,9876561058,Homemaker,12th,,,120000,CC1058,12,Gandhi St,Gobi,Erode,Tamil Nadu,638452,12,Gandhi St,Gobi,Erode,Tamil Nadu,638452,Government Quota,FALSE,,,,,,,,FALSE,,,,,,,,FALSE,,,,,,,,FALSE,,,,,,,,FALSE,,,,,,,,FALSE,,,FALSE,,,
23IT159,Student 59,Male,15-05-2005,A+,123412341059,EMIS1059,Hindu,BC,Gounder,Indian,student59.jpg,UG,REG,FALSE,IT,BE,3,6,A,2023-2027,2025-2026,9876541059,student59@gmail.com,student59@sece.ac.in,Father 59,9876551059,Farmer,10th,Mother 59,9876561059,Homemaker,12th,,,120000,CC1059,12,Gandhi St,Gobi,Erode,Tamil Nadu,638452,12,Gandhi St,Gobi,Erode,Tamil Nadu,638452,Government Quota,FALSE,,,,,,,,FALSE,,,,,,,,FALSE,,,,,,,,FALSE,,,,,,,,FALSE,,,,,,,,FALSE,,,FALSE,,,
25CS160,Student 60,Female,15-05-2005,A-,123412341060,EMIS1060,Hindu,BC,Gounder,Indian,student60.jpg,UG,REG,FALSE,CSE,BE,1,2,A,2025-2029,2025-2026,9876541060,student60@gmail.com,student60@sece.ac.in,Father 60,9876551060,Farmer,10th,Mother 60,9876561060,Homemaker,12th,,,120000,CC1060,12,Gandhi St,Gobi,Erode,Tamil Nadu,638452,12,Gandhi St,Gobi,Erode,Tamil Nadu,638452,Government Quota,FALSE,,,,,,,,FALSE,,,,,,,,FALSE,,,,,,,,FALSE,,,,,,,,FALSE,,,,,,,,FALSE,,,FALSE,,,
23IT161,Student 61,Female,15-05-2005,B+,123412341061,EMIS1061,Hindu,BC,Gounder,Indian,student61.jpg,UG,REG,FALSE,IT,BE,3,6,A,2023-2027,2025-2026,9876541061,student61@gmail.com,student61@sece.ac.in,Father 61,9876551061,Farmer,10th,Mother 61,9876561061,Homemaker,12th,,,120000,CC1061,12,Gandhi St,Gobi,Erode,Tamil Nadu,638452,12,Gandhi St,Gobi,Erode,Tamil Nadu,638452,Government Quota,FALSE,,,,,,,,FALSE,,,,,,,,FALSE,,,,,,,,FALSE,,,,,,,,FALSE,,,,,,,,FALSE,,,FALSE,,,
23CS162,Student 62,Male,15-05-2005,A+,123412341062,EMIS1062,Hindu,BC,Gounder,Indian,student62.jpg,UG,REG,FALSE,CSE,BE,3,6,A,2023-2027,2025-2026,9876541062,student62@gmail.com,student62@sece.ac.in,Father 62,9876551062,Farmer,10th,Mother 62,9876561062,Homemaker,12th,,,120000,CC1062,12,Gandhi St,Gobi,Erode,Tamil Nadu,638452,12,Gandhi St,Gobi,Erode,Tamil Nadu,638452,Government Quota,FALSE,,,,,,,,FALSE,,,,,,,,FALSE,,,,,,,,FALSE,,,,,,,,FALSE,,,,,,,,FALSE,,,FALSE,,,
25IT163,Student 63,Female,15-05-2005,B+,123412341063,EMIS1063,Hindu,BC,Gounder,Indian,student63.jpg,UG,REG,FALSE,IT,BE,1,1,A,2025-2029,2025-2026,9876541063,student63@gmail.com,student63@sece.ac.in,Father 63,9876551063,Farmer,10th,Mother 63,9876561063,Homemaker,12th,,,120000,CC1063,12,Gandhi St,Gobi,Erode,Tamil Nadu,638452,12,Gandhi St,Gobi,Erode,Tamil Nadu,638452,Government Quota,FALSE,,,,,,,,FALSE,,,,,,,,FALSE,,,,,,,,FALSE,,,,,,,,FALSE,,,,,,,,FALSE,,,FALSE,,,
25CS164,Student 64,Male,15-05-2005,A+,123412341064,EMIS1064,Hindu,BC,Gounder,Indian,student64.jpg,UG,REG,FALSE,CSE,BE,1,2,A,2025-2029,2025-2026,9876541064,student64@gmail.com,student64@sece.ac.in,Father 64,9876551064,Farmer,10th,Mother 64,9876561064,Homemaker,12th,,,120000,CC1064,12,Gandhi St,Gobi,Erode,Tamil Nadu,638452,12,Gandhi St,Gobi,Erode,Tamil Nadu,638452,Government Quota,FALSE,,,,,,,,FALSE,,,,,,,,FALSE,,,,,,,,FALSE,,,,,,,,FALSE,,,,,,,,FALSE,,,FALSE,,,
25IT165,Student 65,Male,15-05-2005,B-,123412341065,EMIS1065,Hindu,BC,Gounder,Indian,student65.jpg,UG,REG,FALSE,IT,BE,1,1,A,2025-2029,2025-2026,9876541065,student65@gmail.com,student65@sece.ac.in,Father 65,9876551065,Farmer,10th,Mother 65,9876561065,Homemaker,12th,,,120000,CC1065,12,Gandhi St,Gobi,Erode,Tamil Nadu,638452,12,Gandhi St,Gobi,Erode,Tamil Nadu,638452,Government Quota,FALSE,,,,,,,,FALSE,,,,,,,,FALSE,,,,,,,,FALSE,,,,,,,,FALSE,,,,,,,,FALSE,,,FALSE,,,
22ME166,Student 66,Male,15-05-2005,B+,123412341066,EMIS1066,Hindu,BC,Gounder,Indian,student66.jpg,UG,REG,FALSE,MECH,BE,4,7,A,2022-2026,2025-2026,9876541066,student66@gmail.com,student66@sece.ac.in,Father 66,9876551066,Farmer,10th,Mother 66,9876561066,Homemaker,12th,,,120000,CC1066,12,Gandhi St,Gobi,Erode,Tamil Nadu,638452,12,Gandhi St,Gobi,Erode,Tamil Nadu,638452,Government Quota,FALSE,,,,,,,,FALSE,,,,,,,,FALSE,,,,,,,,FALSE,,,,,,,,FALSE,,,,,,,,FALSE,,,FALSE,,,
23IT167,Student 67,Female,15-05-2005,B+,123412341067,EMIS1067,Hindu,BC,Gounder,Indian,student67.jpg,UG,REG,FALSE,IT,BE,3,6,A,2023-2027,2025-2026,9876541067,student67@gmail.com,student67@sece.ac.in,Father 67,9876551067,Farmer,10th,Mother 67,9876561067,Homemaker,12th,,,120000,CC1067,12,Gandhi St,Gobi,Erode,Tamil Nadu,638452,12,Gandhi St,Gobi,Erode,Tamil Nadu,638452,Government Quota,FALSE,,,,,,,,FALSE,,,,,,,,FALSE,,,,,,,,FALSE,,,,,,,,FALSE,,,,,,,,FALSE,,,FALSE,,,
24IT168,Student 68,Male,15-05-2005,AB-,123412341068,EMIS1068,Hindu,BC,Gounder,Indian,student68.jpg,UG,REG,FALSE,IT,BE,2,3,A,2024-2028,2025-2026,9876541068,student68@gmail.com,student68@sece.ac.in,Father 68,9876551068,Farmer,10th,Mother 68,9876561068,Homemaker,12th,,,120000,CC1068,12,Gandhi St,Gobi,Erode,Tamil Nadu,638452,12,Gandhi St,Gobi,Erode,Tamil Nadu,638452,Government Quota,FALSE,,,,,,,,FALSE,,,,,,,,FALSE,,,,,,,,FALSE,,,,,,,,FALSE,,,,,,,,FALSE,,,FALSE,,,
23CS169,Student 69,Female,15-05-2005,O+,123412341069,EMIS1069,Hindu,BC,Gounder,Indian,student69.jpg,UG,REG,FALSE,CSE,BE,3,5,A,2023-2027,2025-2026,9876541069,student69@gmail.com,student69@sece.ac.in,Father 69,9876551069,Farmer,10th,Mother 69,9876561069,Homemaker,12th,,,120000,CC1069,12,Gandhi St,Gobi,Erode,Tamil Nadu,638452,12,Gandhi St,Gobi,Erode,Tamil Nadu,638452,Government Quota,FALSE,,,,,,,,FALSE,,,,,,,,FALSE,,,,,,,,FALSE,,,,,,,,FALSE,,,,,,,,FALSE,,,FALSE,,,
23IT170,Student 70,Female,15-05-2005,B-,123412341070,EMIS1070,Hindu,BC,Gounder,Indian,student70.jpg,UG,REG,FALSE,IT,BE,3,5,A,2023-2027,2025-2026,9876541070,student70@gmail.com,student70@sece.ac.in,Father 70,9876551070,Farmer,10th,Mother 70,9876561070,Homemaker,12th,,,120000,CC1070,12,Gandhi St,Gobi,Erode,Tamil Nadu,638452,12,Gandhi St,Gobi,Erode,Tamil Nadu,638452,Government Quota,FALSE,,,,,,,,FALSE,,,,,,,,FALSE,,,,,,,,FALSE,,,,,,,,FALSE,,,,,,,,FALSE,,,FALSE,,,
25IT171,Student 71,Female,15-05-2005,B-,123412341071,EMIS1071,Hindu,BC,Gounder,Indian,student71.jpg,UG,REG,FALSE,IT,BE,1,1,A,2025-2029,2025-2026,9876541071,student71@gmail.com,student71@sece.ac.in,Father 71,9876551071,Farmer,10th,Mother 71,9876561071,Homemaker,12th,,,120000,CC1071,12,Gandhi St,Gobi,Erode,Tamil Nadu,638452,12,Gandhi St,Gobi,Erode,Tamil Nadu,638452,Government Quota,FALSE,,,,,,,,FALSE,,,,,,,,FALSE,,,,,,,,FALSE,,,,,,,,FALSE,,,,,,,,FALSE,,,FALSE,,,
24ME172,Student 72,Male,15-05-2005,O-,123412341072,EMIS1072,Hindu,BC,Gounder,Indian,student72.jpg,UG,REG,FALSE,MECH,BE,2,3,A,2024-2028,2025-2026,9876541072,student72@gmail.com,student72@sece.ac.in,Father 72,9876551072,Farmer,10th,Mother 72,9876561072,Homemaker,12th,,,120000,CC1072,12,Gandhi St,Gobi,Erode,Tamil Nadu,638452,12,Gandhi St,Gobi,Erode,Tamil Nadu,638452,Government Quota,FALSE,,,,,,,,FALSE,,,,,,,,FALSE,,,,,,,,FALSE,,,,,,,,FALSE,,,,,,,,FALSE,,,FALSE,,,
24ME173,Student 73,Male,15-05-2005,A-,123412341073,EMIS1073,Hindu,BC,Gounder,Indian,student73.jpg,UG,REG,FALSE,MECH,BE,2,4,A,2024-2028,2025-2026,9876541073,student73@gmail.com,student73@sece.ac.in,Father 73,9876551073,Farmer,10th,Mother 73,9876561073,Homemaker,12th,,,120000,CC1073,12,Gandhi St,Gobi,Erode,Tamil Nadu,638452,12,Gandhi St,Gobi,Erode,Tamil Nadu,638452,Government Quota,FALSE,,,,,,,,FALSE,,,,,,,,FALSE,,,,,,,,FALSE,,,,,,,,FALSE,,,,,,,,FALSE,,,FALSE,,,
23CS174,Student 74,Female,15-05-2005,B-,123412341074,EMIS1074,Hindu,BC,Gounder,Indian,student74.jpg,UG,REG,FALSE,CSE,BE,3,5,A,2023-2027,2025-2026,9876541074,student74@gmail.com,student74@sece.ac.in,Father 74,9876551074,Farmer,10th,Mother 74,9876561074,Homemaker,12th,,,120000,CC1074,12,Gandhi St,Gobi,Erode,Tamil Nadu,638452,12,Gandhi St,Gobi,Erode,Tamil Nadu,638452,Government Quota,FALSE,,,,,,,,FALSE,,,,,,,,FALSE,,,,,,,,FALSE,,,,,,,,FALSE,,,,,,,,FALSE,,,FALSE,,,
24CS175,Student 75,Male,15-05-2005,B+,123412341075,EMIS1075,Hindu,BC,Gounder,Indian,student75.jpg,UG,REG,FALSE,CSE,BE,2,4,A,2024-2028,2025-2026,9876541075,student75@gmail.com,student75@sece.ac.in,Father 75,9876551075,Farmer,10th,Mother 75,9876561075,Homemaker,12th,,,120000,CC1075,12,Gandhi St,Gobi,Erode,Tamil Nadu,638452,12,Gandhi St,Gobi,Erode,Tamil Nadu,638452,Government Quota,FALSE,,,,,,,,FALSE,,,,,,,,FALSE,,,,,,,,FALSE,,,,,,,,FALSE,,,,,,,,FALSE,,,FALSE,,,
25IT176,Student 76,Female,15-05-2005,O+,123412341076,EMIS1076,Hindu,BC,Gounder,Indian,student76.jpg,UG,REG,FALSE,IT,BE,1,1,A,2025-2029,2025-2026,9876541076,student76@gmail.com,student76@sece.ac.in,Father 76,9876551076,Farmer,10th,Mother 76,9876561076,Homemaker,12th,,,120000,CC1076,12,Gandhi St,Gobi,Erode,Tamil Nadu,638452,12,Gandhi St,Gobi,Erode,Tamil Nadu,638452,Government Quota,FALSE,,,,,,,,FALSE,,,,,,,,FALSE,,,,,,,,FALSE,,,,,,,,FALSE,,,,,,,,FALSE,,,FALSE,,,
25CS177,Student 77,Male,15-05-2005,O-,123412341077,EMIS1077,Hindu,BC,Gounder,Indian,student77.jpg,UG,REG,FALSE,CSE,BE,1,1,A,2025-2029,2025-2026,9876541077,student77@gmail.com,student77@sece.ac.in,Father 77,9876551077,Farmer,10th,Mother 77,9876561077,Homemaker,12th,,,120000,CC1077,12,Gandhi St,Gobi,Erode,Tamil Nadu,638452,12,Gandhi St,Gobi,Erode,Tamil Nadu,638452,Government Quota,FALSE,,,,,,,,FALSE,,,,,,,,FALSE,,,,,,,,FALSE,,,,,,,,FALSE,,,,,,,,FALSE,,,FALSE,,,
25ME178,Student 78,Female,15-05-2005,B+,123412341078,EMIS1078,Hindu,BC,Gounder,Indian,student78.jpg,UG,REG,FALSE,MECH,BE,1,1,A,2025-2029,2025-2026,9876541078,student78@gmail.com,student78@sece.ac.in,Father 78,9876551078,Farmer,10th,Mother 78,9876561078,Homemaker,12th,,,120000,CC1078,12,Gandhi St,Gobi,Erode,Tamil Nadu,638452,12,Gandhi St,Gobi,Erode,Tamil Nadu,638452,Government Quota,FALSE,,,,,,,,FALSE,,,,,,,,FALSE,,,,,,,,FALSE,,,,,,,,FALSE,,,,,,,,FALSE,,,FALSE,,,
25IT179,Student 79,Male,15-05-2005,AB-,123412341079,EMIS1079,Hindu,BC,Gounder,Indian,student79.jpg,UG,REG,FALSE,IT,BE,1,1,A,2025-2029,2025-2026,9876541079,student79@gmail.com,student79@sece.ac.in,Father 79,9876551079,Farmer,10th,Mother 79,9876561079,Homemaker,12th,,,120000,CC1079,12,Gandhi St,Gobi,Erode,Tamil Nadu,638452,12,Gandhi St,Gobi,Erode,Tamil Nadu,638452,Government Quota,FALSE,,,,,,,,FALSE,,,,,,,,FALSE,,,,,,,,FALSE,,,,,,,,FALSE,,,,,,,,FALSE,,,FALSE,,,
25ME180,Student 80,Female,15-05-2005,AB-,123412341080,EMIS1080,Hindu,BC,Gounder,Indian,student80.jpg,UG,REG,FALSE,MECH,BE,1,1,A,2025-2029,2025-2026,9876541080,student80@gmail.com,student80@sece.ac.in,Father 80,9876551080,Farmer,10th,Mother 80,9876561080,Homemaker,12th,,,120000,CC1080,12,Gandhi St,Gobi,Erode,Tamil Nadu,638452,12,Gandhi St,Gobi,Erode,Tamil Nadu,638452,Government Quota,FALSE,,,,,,,,FALSE,,,,,,,,FALSE,,,,,,,,FALSE,,,,,,,,FALSE,,,,,,,,FALSE,,,FALSE,,,
22IT181,Student 81,Male,15-05-2005,B-,123412341081,EMIS1081,Hindu,BC,Gounder,Indian,student81.jpg,UG,REG,FALSE,IT,BE,4,8,A,2022-2026,2025-2026,9876541081,student81@gmail.com,student81@sece.ac.in,Father 81,9876551081,Farmer,10th,Mother 81,9876561081,Homemaker,12th,,,120000,CC1081,12,Gandhi St,Gobi,Erode,Tamil Nadu,638452,12,Gandhi St,Gobi,Erode,Tamil Nadu,638452,Government Quota,FALSE,,,,,,,,FALSE,,,,,,,,FALSE,,,,,,,,FALSE,,,,,,,,FALSE,,,,,,,,FALSE,,,FALSE,,,
22ME182,Student 82,Female,15-05-2005,AB-,123412341082,EMIS1082,Hindu,BC,Gounder,Indian,student82.jpg,UG,REG,FALSE,MECH,BE,4,7,A,2022-2026,2025-2026,9876541082,student82@gmail.com,student82@sece.ac.in,Father 82,9876551082,Farmer,10th,Mother 82,9876561082,Homemaker,12th,,,120000,CC1082,12,Gandhi St,Gobi,Erode,Tamil Nadu,638452,12,Gandhi St,Gobi,Erode,Tamil Nadu,638452,Government Quota,FALSE,,,,,,,,FALSE,,,,,,,,FALSE,,,,,,,,FALSE,,,,,,,,FALSE,,,,,,,,FALSE,,,FALSE,,,
25IT183,Student 83,Female,15-05-2005,A+,123412341083,EMIS1083,Hindu,BC,Gounder,Indian,student83.jpg,UG,REG,FALSE,IT,BE,1,1,A,2025-2029,2025-2026,9876541083,student83@gmail.com,student83@sece.ac.in,Father 83,9876551083,Farmer,10th,Mother 83,9876561083,Homemaker,12th,,,120000,CC1083,12,Gandhi St,Gobi,Erode,Tamil Nadu,638452,12,Gandhi St,Gobi,Erode,Tamil Nadu,638452,Government Quota,FALSE,,,,,,,,FALSE,,,,,,,,FALSE,,,,,,,,FALSE,,,,,,,,FALSE,,,,,,,,FALSE,,,FALSE,,,
25CS184,Student 84,Male,15-05-2005,B-,123412341084,EMIS1084,Hindu,BC,Gounder,Indian,student84.jpg,UG,REG,FALSE,CSE,BE,1,1,A,2025-2029,2025-2026,9876541084,student84@gmail.com,student84@sece.ac.in,Father 84,9876551084,Farmer,10th,Mother 84,9876561084,Homemaker,12th,,,120000,CC1084,12,Gandhi St,Gobi,Erode,Tamil Nadu,638452,12,Gandhi St,Gobi,Erode,Tamil Nadu,638452,Government Quota,FALSE,,,,,,,,FALSE,,,,,,,,FALSE,,,,,,,,FALSE,,,,,,,,FALSE,,,,,,,,FALSE,,,FALSE,,,
25IT185,Student 85,Female,15-05-2005,AB+,123412341085,EMIS1085,Hindu,BC,Gounder,Indian,student85.jpg,UG,REG,FALSE,IT,BE,1,2,A,2025-2029,2025-2026,9876541085,student85@gmail.com,student85@sece.ac.in,Father 85,9876551085,Farmer,10th,Mother 85,9876561085,Homemaker,12th,,,120000,CC1085,12,Gandhi St,Gobi,Erode,Tamil Nadu,638452,12,Gandhi St,Gobi,Erode,Tamil Nadu,638452,Government Quota,FALSE,,,,,,,,FALSE,,,,,,,,FALSE,,,,,,,,FALSE,,,,,,,,FALSE,,,,,,,,FALSE,,,FALSE,,,
24ME186,Student 86,Male,15-05-2005,A-,123412341086,EMIS1086,Hindu,BC,Gounder,Indian,student86.jpg,UG,REG,FALSE,MECH,BE,2,4,A,2024-2028,2025-2026,9876541086,student86@gmail.com,student86@sece.ac.in,Father 86,9876551086,Farmer,10th,Mother 86,9876561086,Homemaker,12th,,,120000,CC1086,12,Gandhi St,Gobi,Erode,Tamil Nadu,638452,12,Gandhi St,Gobi,Erode,Tamil Nadu,638452,Government Quota,FALSE,,,,,,,,FALSE,,,,,,,,FALSE,,,,,,,,FALSE,,,,,,,,FALSE,,,,,,,,FALSE,,,FALSE,,,
22ME187,Student 87,Male,15-05-2005,AB-,123412341087,EMIS1087,Hindu,BC,Gounder,Indian,student87.jpg,UG,REG,FALSE,MECH,BE,4,7,A,2022-2026,2025-2026,9876541087,student87@gmail.com,student87@sece.ac.in,Father 87,9876551087,Farmer,10th,Mother 87,9876561087,Homemaker,12th,,,120000,CC1087,12,Gandhi St,Gobi,Erode,Tamil Nadu,638452,12,Gandhi St,Gobi,Erode,Tamil Nadu,638452,Government Quota,FALSE,,,,,,,,FALSE,,,,,,,,FALSE,,,,,,,,FALSE,,,,,,,,FALSE,,,,,,,,FALSE,,,FALSE,,,
24CS188,Student 88,Female,15-05-2005,AB-,123412341088,EMIS1088,Hindu,BC,Gounder,Indian,student88.jpg,UG,REG,FALSE,CSE,BE,2,4,A,2024-2028,2025-2026,9876541088,student88@gmail.com,student88@sece.ac.in,Father 88,9876551088,Farmer,10th,Mother 88,9876561088,Homemaker,12th,,,120000,CC1088,12,Gandhi St,Gobi,Erode,Tamil Nadu,638452,12,Gandhi St,Gobi,Erode,Tamil Nadu,638452,Government Quota,FALSE,,,,,,,,FALSE,,,,,,,,FALSE,,,,,,,,FALSE,,,,,,,,FALSE,,,,,,,,FALSE,,,FALSE,,,
25IT189,Student 89,Male,15-05-2005,O-,123412341089,EMIS1089,Hindu,BC,Gounder,Indian,student89.jpg,UG,REG,FALSE,IT,BE,1,1,A,2025-2029,2025-2026,9876541089,student89@gmail.com,student89@sece.ac.in,Father 89,9876551089,Farmer,10th,Mother 89,9876561089,Homemaker,12th,,,120000,CC1089,12,Gandhi St,Gobi,Erode,Tamil Nadu,638452,12,Gandhi St,Gobi,Erode,Tamil Nadu,638452,Government Quota,FALSE,,,,,,,,FALSE,,,,,,,,FALSE,,,,,,,,FALSE,,,,,,,,FALSE,,,,,,,,FALSE,,,FALSE,,,
24CS190,Student 90,Female,15-05-2005,AB-,123412341090,EMIS1090,Hindu,BC,Gounder,Indian,student90.jpg,UG,REG,FALSE,CSE,BE,2,4,A,2024-2028,2025-2026,9876541090,student90@gmail.com,student90@sece.ac.in,Father 90,9876551090,Farmer,10th,Mother 90,9876561090,Homemaker,12th,,,120000,CC1090,12,Gandhi St,Gobi,Erode,Tamil Nadu,638452,12,Gandhi St,Gobi,Erode,Tamil Nadu,638452,Government Quota,FALSE,,,,,,,,FALSE,,,,,,,,FALSE,,,,,,,,FALSE,,,,,,,,FALSE,,,,,,,,FALSE,,,FALSE,,,
22IT191,Student 91,Female,15-05-2005,O+,123412341091,EMIS1091,Hindu,BC,Gounder,Indian,student91.jpg,UG,REG,FALSE,IT,BE,4,7,A,2022-2026,2025-2026,9876541091,student91@gmail.com,student91@sece.ac.in,Father 91,9876551091,Farmer,10th,Mother 91,9876561091,Homemaker,12th,,,120000,CC1091,12,Gandhi St,Gobi,Erode,Tamil Nadu,638452,12,Gandhi St,Gobi,Erode,Tamil Nadu,638452,Government Quota,FALSE,,,,,,,,FALSE,,,,,,,,FALSE,,,,,,,,FALSE,,,,,,,,FALSE,,,,,,,,FALSE,,,FALSE,,,
24ME192,Student 92,Female,15-05-2005,AB+,123412341092,EMIS1092,Hindu,BC,Gounder,Indian,student92.jpg,UG,REG,FALSE,MECH,BE,2,4,A,2024-2028,2025-2026,9876541092,student92@gmail.com,student92@sece.ac.in,Father 92,9876551092,Farmer,10th,Mother 92,9876561092,Homemaker,12th,,,120000,CC1092,12,Gandhi St,Gobi,Erode,Tamil Nadu,638452,12,Gandhi St,Gobi,Erode,Tamil Nadu,638452,Government Quota,FALSE,,,,,,,,FALSE,,,,,,,,FALSE,,,,,,,,FALSE,,,,,,,,FALSE,,,,,,,,FALSE,,,FALSE,,,
24IT193,Student 93,Female,15-05-2005,B+,123412341093,EMIS1093,Hindu,BC,Gounder,Indian,student93.jpg,UG,REG,FALSE,IT,BE,2,3,A,2024-2028,2025-2026,9876541093,student93@gmail.com,student93@sece.ac.in,Father 93,9876551093,Farmer,10th,Mother 93,9876561093,Homemaker,12th,,,120000,CC1093,12,Gandhi St,Gobi,Erode,Tamil Nadu,638452,12,Gandhi St,Gobi,Erode,Tamil Nadu,638452,Government Quota,FALSE,,,,,,,,FALSE,,,,,,,,FALSE,,,,,,,,FALSE,,,,,,,,FALSE,,,,,,,,FALSE,,,FALSE,,,
24IT194,Student 94,Male,15-05-2005,B-,123412341094,EMIS1094,Hindu,BC,Gounder,Indian,student94.jpg,UG,REG,FALSE,IT,BE,2,3,A,2024-2028,2025-2026,9876541094,student94@gmail.com,student94@sece.ac.in,Father 94,9876551094,Farmer,10th,Mother 94,9876561094,Homemaker,12th,,,120000,CC1094,12,Gandhi St,Gobi,Erode,Tamil Nadu,638452,12,Gandhi St,Gobi,Erode,Tamil Nadu,638452,Government Quota,FALSE,,,,,,,,FALSE,,,,,,,,FALSE,,,,,,,,FALSE,,,,,,,,FALSE,,,,,,,,FALSE,,,FALSE,,,
24CS195,Student 95,Female,15-05-2005,O-,123412341095,EMIS1095,Hindu,BC,Gounder,Indian,student95.jpg,UG,REG,FALSE,CSE,BE,2,3,A,2024-2028,2025-2026,9876541095,student95@gmail.com,student95@sece.ac.in,Father 95,9876551095,Farmer,10th,Mother 95,9876561095,Homemaker,12th,,,120000,CC1095,12,Gandhi St,Gobi,Erode,Tamil Nadu,638452,12,Gandhi St,Gobi,Erode,Tamil Nadu,638452,Government Quota,FALSE,,,,,,,,FALSE,,,,,,,,FALSE,,,,,,,,FALSE,,,,,,,,FALSE,,,,,,,,FALSE,,,FALSE,,,
23CS196,Student 96,Male,15-05-2005,O-,123412341096,EMIS1096,Hindu,BC,Gounder,Indian,student96.jpg,UG,REG,FALSE,CSE,BE,3,6,A,2023-2027,2025-2026,9876541096,student96@gmail.com,student96@sece.ac.in,Father 96,9876551096,Farmer,10th,Mother 96,9876561096,Homemaker,12th,,,120000,CC1096,12,Gandhi St,Gobi,Erode,Tamil Nadu,638452,12,Gandhi St,Gobi,Erode,Tamil Nadu,638452,Government Quota,FALSE,,,,,,,,FALSE,,,,,,,,FALSE,,,,,,,,FALSE,,,,,,,,FALSE,,,,,,,,FALSE,,,FALSE,,,
22IT197,Student 97,Male,15-05-2005,A+,123412341097,EMIS1097,Hindu,BC,Gounder,Indian,student97.jpg,UG,REG,FALSE,IT,BE,4,7,A,2022-2026,2025-2026,9876541097,student97@gmail.com,student97@sece.ac.in,Father 97,9876551097,Farmer,10th,Mother 97,9876561097,Homemaker,12th,,,120000,CC1097,12,Gandhi St,Gobi,Erode,Tamil Nadu,638452,12,Gandhi St,Gobi,Erode,Tamil Nadu,638452,Government Quota,FALSE,,,,,,,,FALSE,,,,,,,,FALSE,,,,,,,,FALSE,,,,,,,,FALSE,,,,,,,,FALSE,,,FALSE,,,
24CS198,Student 98,Female,15-05-2005,A-,123412341098,EMIS1098,Hindu,BC,Gounder,Indian,student98.jpg,UG,REG,FALSE,CSE,BE,2,3,A,2024-2028,2025-2026,9876541098,student98@gmail.com,student98@sece.ac.in,Father 98,9876551098,Farmer,10th,Mother 98,9876561098,Homemaker,12th,,,120000,CC1098,12,Gandhi St,Gobi,Erode,Tamil Nadu,638452,12,Gandhi St,Gobi,Erode,Tamil Nadu,638452,Government Quota,FALSE,,,,,,,,FALSE,,,,,,,,FALSE,,,,,,,,FALSE,,,,,,,,FALSE,,,,,,,,FALSE,,,FALSE,,,
23ME199,Student 99,Male,15-05-2005,A-,123412341099,EMIS1099,Hindu,BC,Gounder,Indian,student99.jpg,UG,REG,FALSE,MECH,BE,3,5,A,2023-2027,2025-2026,9876541099,student99@gmail.com,student99@sece.ac.in,Father 99,9876551099,Farmer,10th,Mother 99,9876561099,Homemaker,12th,,,120000,CC1099,12,Gandhi St,Gobi,Erode,Tamil Nadu,638452,12,Gandhi St,Gobi,Erode,Tamil Nadu,638452,Government Quota,FALSE,,,,,,,,FALSE,,,,,,,,FALSE,,,,,,,,FALSE,,,,,,,,FALSE,,,,,,,,FALSE,,,FALSE,,,
25IT200,Student 100,Female,15-05-2005,A+,123412341100,EMIS1100,Hindu,BC,Gounder,Indian,student100.jpg,UG,REG,FALSE,IT,BE,1,1,A,2025-2029,2025-2026,9876541100,student100@gmail.com,student100@sece.ac.in,Father 100,9876551100,Farmer,10th,Mother 100,9876561100,Homemaker,12th,,,120000,CC1100,12,Gandhi St,Gobi,Erode,Tamil Nadu,638452,12,Gandhi St,Gobi,Erode,Tamil Nadu,638452,Government Quota,FALSE,,,,,,,,FALSE,,,,,,,,FALSE,,,,,,,,FALSE,,,,,,,,FALSE,,,,,,,,FALSE,,,FALSE,,,
